eName,isPlanet,semimajorAxis,perihelion,aphelion,eccentricity,inclination,density,gravity,escape,meanRadius,equaRadius,polarRadius,flattening,dimension,sideralOrbit,sideralRotation,discoveryDate,mass_kg,volume,orbit_type,orbits,bondAlbido,geomAlbido,RV_abs,p_transit,transit_visibility,transit_depth,massj,semimajorAxis_AU,grav_int
Moon,FALSE,384400,363300,405500,0.0549,5.145,3.344,1.62,2380,33,1738.1,1736,0.0012,NA,27.3217,655.728,NA,7.35E+22,21968000000,Secondary,Earth,NA,NA,NA,1.81158949,326.0861082,2.25E-09,3.87E-05,0.002569555,6.61E+25
Phobos,FALSE,9376,9234,9518,0.0151,1.075,1.9,0.0057,11.39,33,13,9.1,0,26.8 x 22.4 x 18.4,0.31891,0.7653,12/08/1877,1.06E+16,5783.61,Secondary,Mars,NA,NA,NA,74.27207765,13368.97398,2.25E-09,5.58E-12,6.27E-05,1.60E+22
Deimos,FALSE,23458,23456,23471,2.00E-04,1.075,1.75,0.003,5.556,33,7.8,5.1,0,15.0 x 12 x 10.4,1.26244,30.29856,12/08/1877,2.40E+15,9997.8,Secondary,Mars,NA,NA,NA,29.68603462,5343.486231,2.25E-09,1.26E-12,1.57E-04,5.79E+20
Io,FALSE,421800,0,0,0.004,0.036,3.53,1.79,0,1821.5,0,0,0,NA,1.76914,42.4593,07/01/1610,8.93E+22,NA,Secondary,Jupiter,NA,NA,NA,1.655200332,297.9360597,6.84E-06,4.70E-05,0.002819559,6.67E+25
Europa,FALSE,671100,0,0,0.009,0.466,3.01,1.31,0,1560.8,0,0,0,NA,3.55118,85.2293,08/01/1610,4.80E+22,NA,Secondary,Jupiter,NA,NA,NA,1.039938608,187.1889495,5.02E-06,2.53E-05,0.004486026,1.42E+25
Ganymede,FALSE,1070400,0,0,0.001,0.177,1.94,1.428,0,2631.2,0,0,0,NA,7.15455,171.7093,11/01/1610,1.48E+23,NA,Secondary,Jupiter,NA,NA,NA,0.653001868,117.5403363,1.43E-05,7.79E-05,0.007155182,1.72E+25
Callisto,FALSE,1882700,0,0,0.007,0.192,1.83,1.235,0,2410.3,0,0,0,NA,16.68902,400.536,07/01/1610,1.08E+23,NA,Secondary,Jupiter,NA,NA,NA,0.37114373,66.80587135,1.20E-05,5.68E-05,0.012585072,4.05E+24
Amalthea,FALSE,181400,181150,182840,0.003,0.38,3.1,0.02,0,84,0,0,0,125 x 73 x 64,0.49818,11.9563,09/09/1892,7.50E+18,NA,Secondary,Jupiter,NA,NA,NA,3.839173098,691.0511577,1.46E-08,3.95E-09,0.001212584,3.03E+22
Himalia,FALSE,11461000,9782900,13082000,0.162,27.5,1,0.062,0,85,0,0,0,NA,250.5662,7.7808,3/12/04,9.50E+18,NA,Secondary,Jupiter,NA,NA,NA,0.060764942,10.93768956,1.49E-08,5.00E-09,0.076612053,9.61E+18
Elara,FALSE,11741000,0,0,0.217,26.63,1,0.031,0,40,0,0,0,NA,259.6528,0,2/1/05,8.00E+17,NA,Secondary,Jupiter,NA,NA,NA,0.059311984,10.67615706,3.30E-09,4.21E-10,0.078483737,7.7076E+17
Pasiphae,FALSE,23624000,0,0,0.409,151.4,1,0.022,0,18,0,0,0,NA,743.6,0,27/01/1908,3.00E+17,NA,Secondary,Jupiter,NA,NA,NA,0.029476803,5.305824585,6.68E-10,1.58E-10,0.157916686,7.13927E+16
Sinope,FALSE,23939000,0,0,0.25,158.1,1,0.014,0,14,0,0,0,NA,758.9,0,21/07/1914,8.00E+16,NA,Secondary,Jupiter,NA,NA,NA,0.029088767,5.235978111,4.04E-10,4.21E-11,0.160022331,1.85403E+16
Lysithea,FALSE,11717000,0,0,0.112,28.3,1,0.013,0,12,0,0,0,NA,259.22,0,6/7/38,8.00E+16,NA,Secondary,Jupiter,NA,NA,NA,0.059431083,10.69759495,2.97E-10,4.21E-11,0.078323307,7.73921E+16
Carme,FALSE,23404000,0,0,0.253,164.9,1,0.017,0,15,0,0,0,NA,734.2,0,30/07/1938,1.00E+17,NA,Secondary,Jupiter,NA,NA,NA,0.02975376,5.355676807,4.64E-10,5.26E-11,0.156446077,2.42471E+16
Ananke,FALSE,21276000,0,0,0.244,148.9,1,0.01,0,10,0,0,0,NA,629.8,0,28/09/1951,4.00E+16,NA,Secondary,Jupiter,NA,NA,NA,0.03272946,5.891302876,2.06E-10,2.11E-11,0.142221276,1.1736E+16
Leda,FALSE,11165000,0,0,0.164,27.46,1,0.0073,0,5,0,0,0,NA,240.92,0,11/9/74,6.00E+17,NA,Secondary,Jupiter,NA,NA,NA,0.062368742,11.22637349,5.16E-11,3.16E-10,0.074633415,6.39253E+17
Thebe,FALSE,221900,218000,226000,0.018,1.08,1,0.02,0,49,0,0,0,58 x 49 x 42,0.6745,16.188,5/3/79,8.00E+17,NA,Secondary,Jupiter,NA,NA,NA,3.13831005,564.8958089,4.95E-09,4.21E-10,0.00148331,2.16E+21
Adrastea,FALSE,129000,0,0,0.002,0.054,1,0.002,0,8,0,0,0,10 x 8 x 7,0.29826,0.7158,8/7/79,2.00E+15,NA,Secondary,Jupiter,NA,NA,NA,5.398062016,971.6511628,1.32E-10,1.05E-12,8.62E-04,1.60E+19
Metis,FALSE,128000,127974,128026,0.001,0.019,1,0.005,0,22,0,0,0,30 x 20 x 17,0.29478,0.7075,4/3/79,1.00E+17,NA,Secondary,Jupiter,NA,NA,NA,5.44034375,979.261875,9.98E-10,5.26E-11,8.56E-04,8.11E+20
Callirrhoe,FALSE,24102000,0,0,0.283,147.1,1,0.0031,0,4,0,0,0,NA,758.8,0,6/10/99,8.7E+14,NA,Secondary,Jupiter,NA,NA,NA,0.028891627,5.200492905,3.30E-11,4.58E-13,0.161111919,1.98908E+14
Themisto,FALSE,7507000,5909000,8874300,0.242,43.08,1,0.0029,0,4,0,0,0,NA,130.02,0,30/09/1975,6.9E+14,NA,Secondary,Jupiter,NA,NA,NA,0.092759558,16.69672039,3.30E-11,3.63E-13,0.050181196,1.62613E+15
Megaclite,FALSE,14146700,0,0,0.421,152.8,1,0,0,2.7,0,0,0,NA,752.8,0,23/11/2000,2.1E+14,NA,Secondary,Jupiter,NA,NA,NA,0.049223119,8.860161451,1.50E-11,1.11E-13,0.094564849,1.39363E+14
Taygete,FALSE,23363000,0,0,0.252,165.2,1,0,0,2.5,0,0,0,NA,732.2,0,23/11/2000,1.6E+14,NA,Secondary,Jupiter,NA,NA,NA,0.02980544,5.364979241,1.29E-11,8.42E-14,0.156172009,3.89316E+13
Chaldene,FALSE,23179000,0,0,0.251,165.2,1,0,0,1.9,0,0,0,NA,723.8,0,23/11/2000,7.5E+13,NA,Secondary,Jupiter,NA,NA,NA,0.030042016,5.407562966,7.44E-12,3.95E-14,0.154942045,1.85401E+13
Harpalyke,FALSE,21104000,0,0,0.226,148.6,1,0,0,2.2,0,0,0,NA,623.3,0,23/11/2000,1.2E+14,NA,Secondary,Jupiter,NA,NA,NA,0.03299584,5.939251137,9.98E-12,6.32E-14,0.141071527,3.57842E+13
Kalyke,FALSE,23564000,0,0,0.245,165.2,1,0,0,2.6,0,0,0,NA,743,0,23/11/2000,1.9E+14,NA,Secondary,Jupiter,NA,NA,NA,0.029551205,5.319216941,1.39E-11,1.00E-13,0.157515611,4.54459E+13
Iocaste,FALSE,21272000,0,0,0.216,149.4,1,0,0,2.6,0,0,0,NA,631.5,0,23/11/2000,1.9E+14,NA,Secondary,Jupiter,NA,NA,NA,0.032735267,5.892348063,1.39E-11,1.00E-13,0.142194537,5.57669E+13
Erinome,FALSE,23283000,0,0,0.266,164.9,1,0,0,1.6,0,0,0,NA,728.3,0,23/11/2000,4.5E+13,NA,Secondary,Jupiter,NA,NA,NA,0.029907813,5.383406262,5.28E-12,2.37E-14,0.155637242,1.10249E+13
Isonoe,FALSE,23231000,0,0,0.246,165.2,1,0,0,1.9,0,0,0,NA,725.5,0,23/11/2000,7.5E+13,NA,Secondary,Jupiter,NA,NA,NA,0.029974771,5.39545874,7.44E-12,3.95E-14,0.155289643,1.84572E+13
Praxidike,FALSE,21148000,0,0,0.23,149,1,0,0,3.4,0,0,0,NA,625.3,0,23/11/2000,4.3E+14,NA,Secondary,Jupiter,NA,NA,NA,0.032927246,5.926904294,2.38E-11,2.26E-13,0.141365648,1.27694E+14
Autonoe,FALSE,24033000,0,0,0.334,152.9,1,0.0015,0,2,0,0,0,NA,715.4,0,10/12/01,9E+13,NA,Secondary,Jupiter,NA,NA,NA,0.028974493,5.215408813,8.25E-12,4.74E-14,0.160650682,2.0695E+13
Thyone,FALSE,21192000,0,0,0.229,148.5,1,0.0015,0,2,0,0,0,NA,627.3,0,11/12/01,9E+13,NA,Secondary,Jupiter,NA,NA,NA,0.032858815,5.914586636,8.25E-12,4.74E-14,0.14165977,2.66157E+13
Hermippe,FALSE,21300000,0,0,0.21,150.7,1,0.0015,0,2,0,0,0,NA,633.9,0,19/12/2001,9E+13,NA,Secondary,Jupiter,NA,NA,NA,0.032692207,5.884597183,8.25E-12,4.74E-14,0.142381706,2.63465E+13
Aitne,FALSE,23315000,0,0,0.264,165.1,1,0.0012,0,1.5,0,0,0,NA,730.2,0,19/12/2001,4.5E+13,NA,Secondary,Jupiter,NA,NA,NA,0.02986676,5.376016727,4.64E-12,2.37E-14,0.155851149,1.09946E+13
Eurydome,FALSE,23148000,0,0,0.276,150.3,1,0.0012,0,1.5,0,0,0,NA,723.9,0,19/12/2001,4.5E+13,NA,Secondary,Jupiter,NA,NA,NA,0.030082232,5.414801711,4.64E-12,2.37E-14,0.154734823,1.11539E+13
Euanthe,FALSE,21038000,0,0,0.232,148.9,1,0.0012,0,1.5,0,0,0,NA,620.6,0,11/12/01,4.5E+13,NA,Secondary,Jupiter,NA,NA,NA,0.03309932,5.95787765,4.64E-12,2.37E-14,0.140630344,1.35034E+13
Euporie,FALSE,19339000,0,0,0.144,145.8,1,0,0,1,0,0,0,NA,553.1,0,11/12/01,1.5E+13,NA,Secondary,Jupiter,NA,NA,NA,0.036007188,6.481293759,2.06E-12,7.89E-15,0.12927323,5.32675E+12
Orthosie,FALSE,21164000,0,0,0.281,145.9,1,8.10E-04,0,1,0,0,0,NA,622.6,0,11/12/01,1.5E+13,NA,Secondary,Jupiter,NA,NA,NA,0.03290224,5.922403137,2.06E-12,7.89E-15,0.141472602,4.4477E+12
Sponde,FALSE,23790000,0,0,0.312,151,1,8.10E-04,0,1,0,0,0,NA,748.3,0,19/12/2001,1.5E+13,NA,Secondary,Jupiter,NA,NA,NA,0.029270408,5.268673392,2.06E-12,7.89E-15,0.159026328,3.51999E+12
Kale,FALSE,23302000,0,0,0.26,165,1,8.10E-04,0,1,0,0,0,NA,729.5,0,19/12/2001,1.5E+13,NA,Secondary,Jupiter,NA,NA,NA,0.029883401,5.379012102,2.06E-12,7.89E-15,0.155764249,3.66897E+12
Pasithee,FALSE,23090000,0,0,0.267,165.1,1,8.10E-04,0,1,0,0,0,NA,716.3,0,11/12/01,1.5E+13,NA,Secondary,Jupiter,NA,NA,NA,0.030157774,5.428399307,2.06E-12,7.89E-15,0.154347117,3.73665E+12
Hegemone,FALSE,23566000,0,0,0.328,155.2,1,0,0,2,0,0,0,NA,739.6,0,2003,4.5E+13,NA,Secondary,Jupiter,NA,NA,NA,0.029548672,5.318760927,8.25E-12,2.37E-14,0.15752898,1.07617E+13
Mneme,FALSE,21036000,0,0,0.227,148.6,1,0,0,2,0,0,0,NA,620,0,2003,1.5E+13,NA,Secondary,Jupiter,NA,NA,NA,0.033102491,5.958448374,8.25E-12,7.89E-15,0.140616975,4.50199E+12
Aoede,FALSE,23969000,0,0,0.432,158.3,1,0,0,2,0,0,0,NA,761.5,0,2003,9E+13,NA,Secondary,Jupiter,NA,NA,NA,0.029051859,5.229334557,8.25E-12,4.74E-14,0.160222869,2.08057E+13
Thelxinoe,FALSE,21165000,0,0,0.221,151.4,1,0,0,2,0,0,0,NA,628.1,0,2003,1.5E+13,NA,Secondary,Jupiter,NA,NA,NA,0.032900732,5.922131821,8.25E-12,7.89E-15,0.141479286,4.44728E+12
Arche,FALSE,23355000,0,0,0.259,165,1,0.0012,0,1.5,0,0,0,NA,762.7,0,31/10/2002,4.15E+13,NA,Secondary,Jupiter,NA,NA,NA,0.029815607,5.366809249,4.64E-12,2.18E-14,0.156118532,1.01048E+13
Kallichore,FALSE,23273000,0,0,0.264,165.5,1,0,0,2,0,0,0,NA,764.7,0,2003,1.5E+13,NA,Secondary,Jupiter,NA,NA,NA,0.029920681,5.385722511,8.25E-12,7.89E-15,0.155570396,3.67812E+12
Helike,FALSE,21064000,0,0,0.156,154.8,1,0,0,4,0,0,0,NA,634.8,0,2003,9E+13,NA,Secondary,Jupiter,NA,NA,NA,0.033058583,5.950545006,3.30E-11,4.74E-14,0.140804143,2.69402E+13
Carpo,FALSE,17078000,0,0,0.43,51.4,1,0,0,3,0,0,0,NA,456.1,0,2003,4.5E+13,NA,Secondary,Jupiter,NA,NA,NA,0.040774388,7.339389858,1.86E-11,2.37E-14,0.114159379,2.04917E+13
Eukelade,FALSE,23322000,0,0,0.272,165.5,1,0,0,4,0,0,0,NA,746.4,0,2003,9E+13,NA,Secondary,Jupiter,NA,NA,NA,0.029857902,5.374422434,3.30E-11,4.74E-14,0.155897941,2.19761E+13
Cyllene,FALSE,23787000,0,0,0.319,149.3,1,0,0,1,0,0,0,NA,737.8,0,2003,1.5E+13,NA,Secondary,Jupiter,NA,NA,NA,0.029274099,5.269337874,2.06E-12,7.89E-15,0.159006274,3.52088E+12
Kore,FALSE,24486000,0,0,0.325,145,1,0,0,1,0,0,0,NA,779.2,0,2003,1.5E+13,NA,Secondary,Jupiter,NA,NA,NA,0.028438414,5.118914482,2.06E-12,7.89E-15,0.1636788,3.32273E+12
Herse,FALSE,23405000,0,0,0.2,164.2,1,0,0,2,0,0,0,NA,717.3,0,2003,1.5E+13,NA,Secondary,Jupiter,NA,NA,NA,0.029751933,5.355348003,8.25E-12,7.89E-15,0.156452762,3.63675E+12
S/2003 J 2,FALSE,28332000,0,0,0.38,151.8,1,0,0,1,0,0,0,NA,982.5,0,2003,1.5E+13,NA,Secondary,Jupiter,NA,NA,NA,0.024577968,4.424034307,2.06E-12,7.89E-15,0.189387722,2.48185E+12
Eupheme,FALSE,20230000,0,0,0.253,148,1,0,0,1,0,0,0,NA,504,0,2003,1.5E+13,NA,Secondary,Jupiter,NA,NA,NA,0.034421305,6.195834899,2.06E-12,7.89E-15,0.135229197,4.86787E+12
S/2003 J 4,FALSE,23928000,0,0,0.204,144.9,1,0,0,1,0,0,0,NA,723.2,0,2003,1.5E+13,NA,Secondary,Jupiter,NA,NA,NA,0.029101596,5.238287362,2.06E-12,7.89E-15,0.159948801,3.47951E+12
Eirene,FALSE,23493000,0,0,0.22,163.1,1,0,0,2,0,0,0,NA,759.7,0,2003,9E+13,NA,Secondary,Jupiter,NA,NA,NA,0.029640489,5.335287958,8.25E-12,4.74E-14,0.157041005,2.16573E+13
S/2003 J 9,FALSE,23385000,0,0,0.269,164.5,1,0,0,0.5,0,0,0,NA,683,0,2003,1.5E+12,NA,Secondary,Jupiter,NA,NA,NA,0.029777315,5.359916613,5.16E-13,7.89E-16,0.15631907,3.64297E+11
S/2003 J 10,FALSE,23042000,0,0,0.214,164.1,1,0,0,1,0,0,0,NA,767,0,2003,1.5E+13,NA,Secondary,Jupiter,NA,NA,NA,0.030220597,5.439707491,2.06E-12,7.89E-15,0.154026256,3.75224E+12
S/2003 J 12,FALSE,17835000,0,0,0.376,145.8,1,0,0,0.5,0,0,0,NA,533.3,0,2003,1E+12,NA,Secondary,Jupiter,NA,NA,NA,0.039043594,7.02784693,5.16E-13,5.26E-16,0.119219611,4.17535E+11
Philophrosyne,FALSE,22622000,0,0,0.194,143.6,1,0,0,1,0,0,0,NA,668.4,0,2003,1.5E+13,NA,Secondary,Jupiter,NA,NA,NA,0.030781673,5.540701087,2.06E-12,7.89E-15,0.15121873,3.89286E+12
S/2003 J 16,FALSE,20948000,0,0,0.23,148.5,1,0,0,1,0,0,0,NA,595.4,0,2003,1.5E+13,NA,Secondary,Jupiter,NA,NA,NA,0.033241503,5.983470498,2.06E-12,7.89E-15,0.140028731,4.53989E+12
S/2003 J 18,FALSE,20494000,0,0,0.105,146.4,1,0,0,1,0,0,0,NA,606.3,0,2003,1.5E+13,NA,Secondary,Jupiter,NA,NA,NA,0.033977896,6.116021275,2.06E-12,7.89E-15,0.136993928,4.74326E+12
S/2003 J 19,FALSE,23532000,0,0,0.334,162.9,1,0,0,1,0,0,0,NA,701.3,0,2003,1.5E+13,NA,Secondary,Jupiter,NA,NA,NA,0.029591322,5.326438042,2.06E-12,7.89E-15,0.157301704,3.5976E+12
S/2003 J 23,FALSE,23549000,0,0,0.309,149.2,1,8.10E-04,0,1,0,0,0,NA,759.7,0,2003,1.5E+13,NA,Secondary,Jupiter,NA,NA,NA,0.029569961,5.322592891,2.06E-12,7.89E-15,0.157415342,3.59241E+12
Mimas,FALSE,185539,181770,189270,0.0202,1.53,1.15,0,0,396.4,0,0,0,415x394x381,0.94,22.56,17/09/1789,3.79E+19,NA,Secondary,Saturn,NA,NA,NA,3.755212651,675.9382771,3.24E-07,1.99E-08,0.001240252,1.46E+23
Enceladus,FALSE,238037,236830,239066,0.0045,0,1.61,0,0,504.2,0,0,0,NA,1.37,32.88,28/08/1789,1.08E+20,NA,Secondary,Saturn,NA,NA,NA,2.927470099,526.9446179,5.24E-07,5.68E-08,0.001591179,2.53E+23
Tethys,FALSE,294672,294589,294648,0,1.86,0.985,0,0,1066,0,0,0,NA,1.89,45.312,21/03/1684,6.18E+20,NA,Secondary,Saturn,NA,NA,NA,2.366726394,426.0107509,2.34E-06,3.25E-07,0.001969761,9.45E+23
Dione,FALSE,377415,376580,378260,0.0022,0.02,1.48,0,0,1123.4,0,0,0,NA,2.74,0,21/03/1684,1.10E+21,NA,Secondary,Saturn,NA,NA,NA,1.848006571,332.6411828,2.60E-06,5.79E-07,0.002522863,1.03E+24
Rhea,FALSE,527068,526543,527597,0.001,0.35,1.24,0,0,1528.6,0,0,0,NA,4.518,108.432,23/12/1672,2.30E+21,NA,Secondary,Saturn,NA,NA,NA,1.324061791,238.3311224,4.82E-06,1.21E-06,0.003523232,1.10E+24
Titan,FALSE,1221865,1186680,1257060,0.0292,0.33,1.88,0,0,2575,0,0,0,NA,15.95,382.8,25/03/1655,1.35E+23,NA,Secondary,Saturn,NA,NA,NA,0.572008364,102.9615056,1.37E-05,7.11E-05,0.008167663,1.20E+25
Hyperion,FALSE,1500934,1466112,1535756,0.1042,0.43,0.55,0,0,266,0,0,0,328x260x214,21.28,0,16/09/1848,5.60E+18,NA,Secondary,Saturn,NA,NA,NA,0.464116344,83.54094184,1.46E-07,2.95E-09,0.010033124,3.30E+20
Iapetus,FALSE,3560851,3460068,3661612,0.0283,14.72,1.09,0,0,1471.2,0,0,0,NA,79.33,1735.92,25/10/1671,1.81E+21,NA,Secondary,Saturn,NA,NA,NA,0.195968099,35.27425775,4.46E-06,9.53E-07,0.023802819,1.90E+22
Phoebe,FALSE,12947913,0,0,0.164,174.8,1.64,0,0,214.4,0,0,0,230x220x210,548.2,9.2736,17/03/1899,8.29E+18,NA,Secondary,Saturn,NA,NA,NA,0.053796809,9.683425584,9.48E-08,4.36E-09,0.086551453,6.57E+18
Janus,FALSE,151460,0,0,0.007,0.14,0.63,0,0,33,0,0,0,195x194x152,0.7,0,15/12/1966,1.90E+18,NA,Secondary,Saturn,NA,NA,NA,4.59774858,827.5947445,2.25E-09,1.00E-09,0.001012448,1.10E+22
Epimetheus,FALSE,151410,0,0,0.009,0.34,0.64,0,0,113.4,0,0,0,116x117x106,0.69,0,18/12/1966,5.30E+17,NA,Secondary,Saturn,NA,NA,NA,4.5997979,827.963622,2.65E-08,2.79E-10,0.001012113,3.07E+21
Helene,FALSE,377420,0,0,0.005,0,1.3,0,0,33,0,0,0,39x37x25,2.74,0,1/3/80,2.40E+16,NA,Secondary,Saturn,NA,NA,NA,1.845093,332.11674,2.25E-09,1.26E-11,0.002522897,2.24E+19
Telesto,FALSE,294710,0,0,0.001,1.158,1,0,0,33,0,0,0,30x23x14,1.89,0,8/4/80,1.00E+16,NA,Secondary,Saturn,NA,NA,NA,2.362916087,425.3248957,2.25E-09,5.26E-12,0.001970015,1.53E+19
Calypso,FALSE,294710,0,0,0.001,1.473,1,0,0,33,0,0,0,31x24x21,1.89,0,13/03/1980,6.50E+15,NA,Secondary,Saturn,NA,NA,NA,2.362916087,425.3248957,2.25E-09,3.42E-12,0.001970015,9.94E+18
Atlas,FALSE,137670,0,0,0,0.3,0.5,0,0,33,0,0,0,42x36x18,0.602,0,12/11/80,7.00E+15,NA,Secondary,Saturn,NA,NA,NA,5.058291567,910.492482,2.25E-09,3.68E-12,9.20E-04,4.91E+19
Prometheus,FALSE,139380,0,0,0.00204,0,0.48,0,0,33,0,0,0,133x79x61,0.613,0,??/10/1980,1.60E+17,NA,Secondary,Saturn,NA,NA,NA,4.996233319,899.3219974,2.25E-09,8.42E-11,9.32E-04,1.09E+21
Pandora,FALSE,141720,0,0,0.0042,0,0.49,0,0,33,0,0,0,103x80x64,0.629,0,??/10/1980,1.40E+17,NA,Secondary,Saturn,NA,NA,NA,4.913738357,884.4729043,2.25E-09,7.37E-11,9.47E-04,9.26E+20
Pan,FALSE,133580,0,0,0,0,0.42,0,0,33,0,0,0,35x32x21,0.575,0,22/08/1981,4.95E+15,NA,Secondary,Saturn,NA,NA,NA,5.213168139,938.370265,2.25E-09,2.61E-12,8.93E-04,3.68E+19
Ymir,FALSE,23140400,0,0,0.187,167.9,1,0,0,9,0,0,0,NA,1315.4,0,7/8/00,3.97E+15,NA,Secondary,Saturn,NA,NA,NA,0.030092436,5.416638433,1.67E-10,2.09E-12,0.15468402,9.84664E+14
Paaliaq,FALSE,15024000,6908035,23139965,0.364,47.2,1,0,0,10,0,0,0,NA,686.9,0,7/8/00,7.25E+15,NA,Secondary,Saturn,NA,NA,NA,0.046349308,8.342875399,2.06E-10,3.82E-12,0.100429237,4.26586E+15
Tarvos,FALSE,18263200,0,0,0.531,33.8,1,0,0,7,0,0,0,NA,926.2,0,23/09/2000,2.30E+15,NA,Secondary,Saturn,NA,NA,NA,0.038128532,6.863135705,1.01E-10,1.21E-12,0.122081952,9.15827E+14
Ijiraq,FALSE,11367400,0,0,0.316,49.1,1,0,0,5,0,0,0,NA,451.4,0,23/09/2000,1.18E+15,NA,Secondary,Saturn,NA,NA,NA,0.061258247,11.02648451,5.16E-11,6.21E-13,0.075986376,1.21283E+15
Suttungr,FALSE,19476700,0,0,0.114,175.8,1,0,0,3,0,0,0,NA,1016.7,0,23/09/2000,2.3E+14,NA,Secondary,Saturn,NA,NA,NA,0.03575272,6.435489585,1.86E-11,1.21E-13,0.130193698,8.0526E+13
Kiviuq,FALSE,11311100,0,0,0.334,48.7,1,0,0,7,0,0,0,NA,449.2,0,7/8/00,2.79E+15,NA,Secondary,Saturn,NA,NA,NA,0.061563332,11.08139969,1.01E-10,1.47E-12,0.075610033,2.89624E+15
Mundilfari,FALSE,18667900,0,0,0.21,169.4,1,0,0,3,0,0,0,NA,952.6,0,23/09/2000,2.3E+14,NA,Secondary,Saturn,NA,NA,NA,0.037301732,6.714311733,1.86E-11,1.21E-13,0.124787204,8.76549E+13
Albiorix,FALSE,16401100,0,0,0.469,34,1,0,0,13,0,0,0,NA,783.5,13.32,9/11/00,2.23E+16,NA,Secondary,Saturn,NA,NA,NA,0.042457823,7.642408131,3.49E-10,1.17E-11,0.109634582,1.10103E+16
Skathi,FALSE,15614300,0,0,0.27,148.5,1,0,0,3,0,0,0,NA,728.2,0,23/09/2000,3.5E+14,NA,Secondary,Saturn,NA,NA,NA,0.04459662,8.027391558,1.86E-11,1.84E-13,0.104375149,1.90661E+14
Erriapus,FALSE,17611400,0,0,0.474,34.6,1,0,0,4,0,0,0,NA,871.2,0,23/09/2000,6.8E+14,NA,Secondary,Saturn,NA,NA,NA,0.039539503,7.117110508,3.30E-11,3.58E-13,0.117724938,2.91179E+14
Siarnaq,FALSE,18015400,0,0,0.295,45.6,1,0,0,16,0,0,0,NA,895.6,0,23/09/2000,4.35E+16,NA,Secondary,Saturn,NA,NA,NA,0.038653485,6.957627363,5.28E-10,2.29E-11,0.120425511,1.78008E+16
Thrymr,FALSE,20439600,0,0,0.47,175,1,0,0,3,0,0,0,NA,1094.3,0,23/09/2000,2.3E+14,NA,Secondary,Saturn,NA,NA,NA,0.034068426,6.132316679,1.86E-11,1.21E-13,0.136630287,7.31177E+13
Narvi,FALSE,19417300,0,0,0.431,145.8,1,0,0,3,0,0,0,NA,1003.9,0,5/2/03,2.3E+14,NA,Secondary,Saturn,NA,NA,NA,0.035862092,6.455176569,1.86E-11,1.21E-13,0.129796634,8.10195E+13
Methone,FALSE,194440,194421,194459,0,0,1,0,0,1.6,0,0,0,NA,1.01,0,1/6/04,2E+13,NA,Secondary,Saturn,NA,NA,NA,3.581277515,644.6299527,5.28E-12,1.05E-14,0.001299751,7.02584E+16
Pallene,FALSE,212280,0,0,0,0,1,0,0,33,0,0,0,5x4x4,1.14,0,1/6/04,6E+13,NA,Secondary,Saturn,NA,NA,NA,3.280455059,590.4819107,2.25E-09,3.16E-14,0.001419004,1.76837E+17
Polydeuces,FALSE,377200,0,0,0,0,1,0,0,2,0,0,0,3x2x2,2.74,0,21/10/2004,1E+13,NA,Secondary,Saturn,NA,NA,NA,1.846086957,332.2956522,8.25E-12,5.26E-15,0.002521426,9.3346E+15
Daphnis,FALSE,136500,0,0,0,0,0.34,0,0,33,0,0,0,9x8x6,0.594,0,1/5/09,1E+14,NA,Secondary,Saturn,NA,NA,NA,5.101648352,918.2967033,2.25E-09,5.26E-14,9.12E-04,7.13E+17
Aegir,FALSE,20749800,0,0,0.252,166.7,1,0,0,3,0,0,0,NA,1116.5,0,12/12/04,1.5E+14,NA,Secondary,Saturn,NA,NA,NA,0.033559119,6.040641356,1.86E-11,7.89E-14,0.138703846,4.62703E+13
Bebhionn,FALSE,17117800,0,0,0.469,35,1,0,0,3,0,0,0,NA,834.8,0,12/12/04,1.5E+14,NA,Secondary,Saturn,NA,NA,NA,0.040679585,7.322325299,1.86E-11,7.89E-14,0.114425425,6.79884E+13
Bergelmir,FALSE,19338300,0,0,0.142,158.5,1,0,0,3,0,0,0,NA,1005.9,0,12/12/04,1.5E+14,NA,Secondary,Saturn,NA,NA,NA,0.036008594,6.481546982,1.86E-11,7.89E-14,0.129268551,5.32714E+13
Bestla,FALSE,20278000,0,0,0.521,145.2,1,0,0,3,0,0,0,NA,1083.6,0,13/12/2004,2.3E+14,NA,Secondary,Saturn,NA,NA,NA,0.034339925,6.181186508,1.86E-11,1.21E-13,0.135550058,7.42877E+13
Farbauti,FALSE,20387000,0,0,0.206,156.4,1,0,0,3,0,0,0,NA,1086.1,0,12/12/04,9E+13,NA,Secondary,Saturn,NA,NA,NA,0.034156325,6.14813852,1.86E-11,4.74E-14,0.136278678,2.87591E+13
Fenrir,FALSE,22454800,0,0,0.136,164.9,1,0,0,2,0,0,0,NA,1260.3,0,13/12/2004,5E+13,NA,Secondary,Saturn,NA,NA,NA,0.03101092,5.581965549,8.25E-12,2.63E-14,0.150101067,1.31702E+13
Fornjot,FALSE,25151200,0,0,0.206,170.4,1,0,0,3,0,0,0,NA,1490.9,0,12/12/04,1.5E+14,NA,Secondary,Saturn,NA,NA,NA,0.027686353,4.983543529,1.86E-11,7.89E-14,0.168125388,3.14929E+13
Hati,FALSE,19775000,0,0,0.372,165.8,1,0,0,3,0,0,0,NA,1038.7,0,12/12/04,1.5E+14,NA,Secondary,Saturn,NA,NA,NA,0.035213401,6.338412137,1.86E-11,7.89E-14,0.13218771,5.09445E+13
Hyrrokkin,FALSE,18437300,0,0,0.333,151.4,1,0,0,4,0,0,0,NA,931.8,0,12/12/04,3.5E+14,NA,Secondary,Saturn,NA,NA,NA,0.037768328,6.7982991,3.30E-11,1.84E-13,0.123245738,1.36745E+14
Kari,FALSE,22077100,0,0,0.478,156.3,1,0,0,3,0,0,0,NA,1233.6,0,12/12/04,2.3E+14,NA,Secondary,Saturn,NA,NA,NA,0.031541507,5.677471226,1.86E-11,1.21E-13,0.147576298,6.26734E+13
Loge,FALSE,23065500,0,0,0.335,173.1,1,0,0,3,0,0,0,NA,1312,0,13/12/2004,1.5E+14,NA,Secondary,Saturn,NA,NA,NA,0.030189894,5.43418092,1.86E-11,7.89E-14,0.154183344,3.74459E+13
Skoll,FALSE,17663300,0,0,0.464,161.2,1,0,0,3,0,0,0,NA,878.3,0,12/12/04,1.5E+14,NA,Secondary,Saturn,NA,NA,NA,0.039423267,7.096188142,1.86E-11,7.89E-14,0.118071868,6.38538E+13
Surtur,FALSE,22920400,0,0,0.451,177.5,1,0,0,3,0,0,0,NA,1297.7,0,12/12/04,1.5E+14,NA,Secondary,Saturn,NA,NA,NA,0.030381014,5.468582573,1.86E-11,7.89E-14,0.153213411,3.79216E+13
Anthe,FALSE,197700,0,0,0.001,0.1,1,0,0,1,0,0,0,NA,1.04,0,30/05/2007,5E+12,NA,Secondary,Saturn,NA,NA,NA,3.522220536,633.9996965,2.06E-12,2.63E-15,0.001321543,1.69901E+16
Jarnsaxa,FALSE,19356400,0,0,0.216,163.3,1,0,0,3,0,0,0,NA,964.7,0,5/1/06,1E+14,NA,Secondary,Saturn,NA,NA,NA,0.035974923,6.475486144,1.86E-11,5.26E-14,0.129389542,3.54479E+13
Greip,FALSE,18442200,0,0,0.326,179.8,1,0,0,3,0,0,0,NA,921.2,0,5/1/06,1.5E+14,NA,Secondary,Saturn,NA,NA,NA,0.037758239,6.796483066,1.86E-11,7.89E-14,0.123278493,5.8574E+13
Tarqeq,FALSE,17909900,0,0,0.16,46.1,1,0,0,3,0,0,0,NA,887.5,0,5/1/06,2.3E+14,NA,Secondary,Saturn,NA,NA,NA,0.038880452,6.998481287,1.86E-11,1.21E-13,0.119720287,9.52315E+13
Aegaeon,FALSE,167500,0,0,2.00E-04,0.001,1,0,0,0.5,0,0,0,NA,0.808,19.63,15/08/2008,1E+11,NA,Secondary,Saturn,NA,NA,NA,4.157268657,748.3083582,5.16E-13,5.26E-17,0.001119668,4.7338E+14
S/2004 S 7,FALSE,21005800,0,0,0.58,165.1,1,0,0,3,0,0,0,NA,1103,0,12/12/04,1.5E+14,NA,Secondary,Saturn,NA,NA,NA,0.03315013,5.967023394,1.86E-11,7.89E-14,0.1404151,4.51494E+13
S/2004 S 12,FALSE,19867500,0,0,0.401,164,1,0,0,3,0,0,0,NA,1048,0,12/12/04,9E+13,NA,Secondary,Saturn,NA,NA,NA,0.035049453,6.308901472,1.86E-11,4.74E-14,0.132806035,3.02828E+13
S/2004 S 13,FALSE,18408700,0,0,0.273,167.4,1,0,0,3,0,0,0,NA,906,0,12/12/04,1.5E+14,NA,Secondary,Saturn,NA,NA,NA,0.037826951,6.80885125,1.86E-11,7.89E-14,0.123054559,5.87874E+13
S/2004 S 17,FALSE,19449900,0,0,0.259,166.6,1,0,0,2,0,0,0,NA,986,0,13/12/2004,5E+13,NA,Secondary,Saturn,NA,NA,NA,0.035801932,6.444347786,8.25E-12,2.63E-14,0.130014551,1.75539E+13
S/2006 S 1,FALSE,18797400,0,0,0.13,154.2,1,0,0,3,0,0,0,NA,970,0,4/1/06,1E+14,NA,Secondary,Saturn,NA,NA,NA,0.037044751,6.668055157,1.86E-11,5.26E-14,0.125652858,3.75875E+13
S/2006 S 3,FALSE,22100100,0,0,0.471,150.8,1,0,0,3,0,0,0,NA,1142,0,5/1/06,1.5E+14,NA,Secondary,Saturn,NA,NA,NA,0.031508681,5.671562572,1.86E-11,7.89E-14,0.147730044,4.07889E+13
S/2007 S 2,FALSE,16723300,0,0,0.218,176.7,1,0,0,3,0,0,0,NA,800,0,1/5/07,1.5E+14,NA,Secondary,Saturn,NA,NA,NA,0.04163921,7.495057794,1.86E-11,7.89E-14,0.111788356,7.12339E+13
S/2007 S 3,FALSE,18981900,0,0,0.13,177.2,1,0,0,3,0,0,0,NA,1100,0,1/5/07,1.5E+14,NA,Secondary,Saturn,NA,NA,NA,0.036684684,6.603243089,1.86E-11,7.89E-14,0.126886164,5.52906E+13
S/2009 S 1,FALSE,117000,0,0,0,0,1,0,0,0.3,0,0,0,NA,0.4715,0,26/07/2009,1E+11,NA,Secondary,Saturn,NA,NA,NA,5.95164359,1071.295846,1.86E-13,5.26E-17,7.82E-04,9.70214E+14
Ariel,FALSE,190900,190670,191130,0.0012,0.04,1.59,0,0,581.1,0,0,0,NA,2.52038,60.4891,24/10/1851,1.29E+21,NA,Secondary,Uranus,NA,NA,NA,3.650723415,657.1302148,6.96E-07,6.79E-07,0.001276088,4.70E+24
Umbriel,FALSE,266000,265100,267500,0.0039,0.13,1.46,0,0,584.7,0,0,0,NA,4.14418,99.499,24/10/1851,1.22E+21,NA,Secondary,Uranus,NA,NA,NA,2.620025188,471.6045338,7.05E-07,6.42E-07,0.0017781,2.29E+24
Titania,FALSE,436300,435800,436800,0.0011,0.08,1.66,0,0,788.9,0,0,0,NA,8.70587,208.9408,11/01/1787,3.42E+21,NA,Secondary,Uranus,NA,NA,NA,1.597824662,287.6084391,1.28E-06,1.80E-06,0.002916485,2.39E+24
Oberon,FALSE,583500,582702,584336,0.0014,0.07,1.56,0,0,761.4,0,0,0,NA,13.46323,323.1176,11/01/1787,2.88E+21,NA,Secondary,Uranus,NA,NA,NA,1.194693059,215.0447506,1.20E-06,1.52E-06,0.003900457,1.12E+24
Miranda,FALSE,129900,129703,130041,0.0013,4.34,1.2,0,0,240,0,0,0,NA,1.41348,33.9235,16/02/1948,6.60E+19,NA,Secondary,Uranus,NA,NA,NA,5.362448037,965.2406467,1.19E-07,3.47E-08,8.68E-04,5.19E+23
Cordelia,FALSE,49800,0,0,3.00E-04,0.08,1,0,0,20,0,0,0,NA,0.33503,0,20/01/1986,4.50E+16,NA,Secondary,Uranus,NA,NA,NA,13.98317269,2516.971084,8.25E-10,2.37E-11,3.33E-04,2.41E+21
Ophelia,FALSE,53800,0,0,0.0099,0.1,1,0,0,21,0,0,0,NA,0.3764,0,20/01/1986,5.40E+16,NA,Secondary,Uranus,NA,NA,NA,12.94355019,2329.839033,9.09E-10,2.84E-11,3.60E-04,2.48E+21
Bianca,FALSE,59200,0,0,9.00E-04,0.19,1,0,0,27,0,0,0,NA,0.43458,0,23/01/1986,9.20E+16,NA,Secondary,Uranus,NA,NA,NA,11.76298986,2117.338176,1.50E-09,4.84E-11,3.96E-04,3.49E+21
Cressida,FALSE,61800,0,0,4.00E-04,0.01,1,0,0,41,0,0,0,NA,0.46357,0,9/1/86,3.40E+17,NA,Secondary,Uranus,NA,NA,NA,11.26833333,2028.3,3.47E-09,1.79E-10,4.13E-04,1.18E+22
Desdemona,FALSE,62700,0,0,1.00E-04,0.11,1,0,0,35,0,0,0,NA,0.47365,0,13/01/1986,1.80E+17,NA,Secondary,Uranus,NA,NA,NA,11.10649123,1999.168421,2.53E-09,9.47E-11,4.19E-04,6.08E+21
Juliet,FALSE,64400,0,0,7.00E-04,0.07,1,0,0,53,0,0,0,NA,0.49307,0,3/1/86,5.60E+17,NA,Secondary,Uranus,NA,NA,NA,10.81358696,1946.445652,5.79E-09,2.95E-10,4.30E-04,1.79E+22
Portia,FALSE,66100,0,0,1.00E-04,0.06,1,0,0,70,0,0,0,NA,0.5132,0,3/1/86,1.70E+18,NA,Secondary,Uranus,NA,NA,NA,10.53573374,1896.432073,1.01E-08,8.95E-10,4.42E-04,5.17E+22
Rosalind,FALSE,69900,0,0,1.00E-04,0.28,1,0,0,36,0,0,0,NA,0.55846,0,13/01/1986,2.50E+16,NA,Secondary,Uranus,NA,NA,NA,9.96248927,1793.248069,2.67E-09,1.32E-11,4.67E-04,6.80E+20
Belinda,FALSE,75300,0,0,1.00E-04,0.03,1,0,0,45,0,0,0,NA,0.62353,0,13/01/1986,4.90E+17,NA,Secondary,Uranus,NA,NA,NA,9.248167331,1664.67012,4.18E-09,2.58E-10,5.03E-04,1.15E+22
Puck,FALSE,86000,0,0,1.00E-04,0.32,1,0,0,81,0,0,0,NA,0.76183,0,30/12/1985,2.90E+18,NA,Secondary,Uranus,NA,NA,NA,8.09794186,1457.629535,1.35E-08,1.53E-09,5.75E-04,5.21E+22
Caliban,FALSE,7231100,0,0,0.1812,141.53,1,0,0,36,0,0,0,NA,-579.5,0,6/9/97,2.50E+17,NA,Secondary,Uranus,NA,NA,NA,0.09630319,17.33457427,2.67E-09,1.32E-10,0.048336918,6.34995E+17
Sycorax,FALSE,12179400,0,0,0.5219,159.42,1,0,0,75,0,0,0,NA,-1283.4,0,6/9/97,2.30E+18,NA,Secondary,Uranus,NA,NA,NA,0.05717991,10.29238386,1.16E-08,1.21E-09,0.08141426,2.05928E+18
Prospero,FALSE,16276800,0,0,0.4445,151.83,1,0,0,25,0,0,0,NA,-1977.3,0,18/07/1999,8.50E+16,NA,Secondary,Uranus,NA,NA,NA,0.042782795,7.700903126,1.29E-09,4.47E-11,0.108803688,4.26108E+16
Setebos,FALSE,17420400,0,0,0.5908,158.24,1,0,0,24,0,0,0,NA,-2234.8,0,18/07/1999,7.50E+16,NA,Secondary,Uranus,NA,NA,NA,0.039974168,7.195350279,1.19E-09,3.95E-11,0.116448182,3.28235E+16
Stephano,FALSE,8007400,0,0,0.2248,143.82,1,0,0,16,0,0,0,NA,-676.5,0,18/07/1999,2.20E+16,NA,Secondary,Uranus,NA,NA,NA,0.086964308,15.65357544,5.28E-10,1.16E-11,0.053526163,4.557E+16
Trinculo,FALSE,8505200,0,0,0.2194,166.93,1,0,0,9,0,0,0,NA,-758.1,0,13/08/2001,3.90E+15,NA,Secondary,Uranus,NA,NA,NA,0.08187356,14.73724075,1.67E-10,2.05E-12,0.05685375,7.16036E+15
Francisco,FALSE,4282900,0,0,0.1324,147.25,1,0,0,11,0,0,0,NA,-266.6,0,13/08/2001,7.20E+15,NA,Secondary,Uranus,NA,NA,NA,0.162589134,29.26604404,2.50E-10,3.79E-12,0.028629418,5.2131E+16
Margaret,FALSE,23808000,0,0,0.6772,57.37,1,0,0,10,0,0,0,NA,1694.8,0,29/08/2003,5.40E+15,NA,Secondary,Uranus,NA,NA,NA,0.029248656,5.264758065,2.06E-10,2.84E-12,0.15914665,1.26528E+15
Ferdinand,FALSE,20430000,0,0,0.3993,169.79,1,0,0,10,0,0,0,NA,-2823.4,0,13/08/2001,5.40E+15,NA,Secondary,Uranus,NA,NA,NA,0.034084777,6.135259912,2.06E-10,2.84E-12,0.136566115,1.71829E+15
Perdita,FALSE,76417,0,0,0,0.47,1,0,0,13,0,0,0,NA,0.638,0,18/01/1986,1.80E+19,NA,Secondary,Uranus,NA,NA,NA,9.112566576,1640.261984,3.49E-10,9.47E-09,5.11E-04,4.09E+23
Mab,FALSE,97736,0,0,0,0.13,1,0,0,12,0,0,0,NA,0.923,0,25/08/2003,1.00E+16,NA,Secondary,Uranus,NA,NA,NA,7.124846525,1282.472375,2.97E-10,5.26E-12,6.53E-04,1.39E+20
Cupid,FALSE,74392,0,0,0,0.1,1,0,0,9,0,0,0,NA,0.613,0,25/08/2003,3.80E+15,NA,Secondary,Uranus,NA,NA,NA,9.360562964,1684.901333,1.67E-10,2.00E-12,4.97E-04,9.12E+19
Triton,FALSE,354759,354753,354765,2.00E-05,157.345,2.05,0.78,0,1353.4,0,0,0,NA,5.87685,141.0444,10/10/1846,2.14E+22,NA,Secondary,Neptune,NA,NA,NA,1.966674277,354.0013699,3.78E-06,1.13E-05,0.002371417,2.26E+25
Nereid,FALSE,5513818,1372000,9655000,0.7512,7.23,1,0.071,0,170,0,0,0,NA,360.13619,0,1/5/49,3.00E+19,NA,Secondary,Neptune,NA,NA,NA,0.126321181,22.73781253,5.96E-08,1.58E-08,0.036857597,1.31E+20
Naiad,FALSE,48227,0,0,3.00E-04,4.74,1,0.01,0,33,0,0,0,48 x 30 x 26,0.2944,0,18/09/1989,2.00E+17,NA,Secondary,Neptune,NA,NA,NA,14.43952558,2599.114604,2.25E-09,1.05E-10,3.22E-04,1.14E+22
Thalassa,FALSE,50074,0,0,2.00E-04,0.21,1,0.013,0,33,0,0,0,54 x 50 x 26,0.31149,0,18/09/1989,4.00E+17,NA,Secondary,Neptune,NA,NA,NA,13.90691776,2503.245197,2.25E-09,2.11E-10,3.35E-04,2.12E+22
Despina,FALSE,52526,0,0,1.00E-04,0.07,1,0.023,0,33,0,0,0,90 x 74 x 64,0.33466,0,28/07/1989,2.00E+18,NA,Secondary,Neptune,NA,NA,NA,13.25771999,2386.389598,2.25E-09,1.05E-09,3.51E-04,9.63E+22
Galatea,FALSE,61953,0,0,1.00E-04,0.05,1,0.03,0,33,0,0,0,102 x 92 x 72,0.42875,0,28/07/1989,2.00E+18,NA,Secondary,Neptune,NA,NA,NA,11.24037577,2023.267638,2.25E-09,1.05E-09,4.14E-04,6.92E+22
Larissa,FALSE,73548,0,0,0.0014,0.2,1,0.034,0,33,0,0,0,108 x 102 x 84,0.55465,0,24/05/1981,5.00E+18,NA,Secondary,Neptune,NA,NA,NA,9.468306412,1704.295154,2.25E-09,2.63E-09,4.92E-04,1.23E+23
Proteus,FALSE,117646,0,0,4.00E-04,0.04,1,0.075,0,33,0,0,0,220 x 208 x 202,1.12232,0,16/06/1989,5.00E+19,NA,Secondary,Neptune,NA,NA,NA,5.919240773,1065.463339,2.25E-09,2.63E-08,7.86E-04,4.80E+23
Halimede,FALSE,16611000,0,0,0.571,134.1,1,0.01,0,30,0,0,0,NA,1879.7,0,14/08/2002,2.00E+17,NA,Secondary,Neptune,NA,NA,NA,0.041922341,7.546021311,1.86E-09,1.05E-10,0.111037677,9.62671E+16
Psamathe,FALSE,48096000,0,0,0.45,137.4,1,0,0,20,0,0,0,NA,9115.9,0,19/08/2003,2.00E+16,NA,Secondary,Neptune,NA,NA,NA,0.014478584,2.60614521,8.25E-10,1.05E-11,0.321501902,1.14829E+15
Sao,FALSE,22228000,0,0,0.293,48.5,1,0.01,0,20,0,0,0,NA,2914.1,0,14/08/2002,1.00E+17,NA,Secondary,Neptune,NA,NA,NA,0.031328145,5.639066043,8.25E-10,5.26E-11,0.148585003,2.68806E+16
Laomedeia,FALSE,23567000,0,0,0.424,34.7,1,0.01,0,20,0,0,0,NA,3167.9,0,13/08/2002,1.00E+17,NA,Secondary,Neptune,NA,NA,NA,0.029548182,5.31867272,8.25E-10,5.26E-11,0.157535665,2.39128E+16
Neso,FALSE,49285000,0,0,0.495,132.6,1,0,0,30,0,0,0,NA,9374,0,14/08/2002,1.00E+17,NA,Secondary,Neptune,NA,NA,NA,0.014129492,2.543308512,1.86E-09,5.26E-11,0.329449876,5.46776E+15
Charon,FALSE,17536,0,0,0,0,1,0,0,33,0,0,0,39x37x25,2.74,0,13/04/1978,2.40E+16,NA,Secondary,Pluto,NA,NA,NA,39.7111656,7148.009808,2.25E-09,1.26E-11,1.17E-04,1.04E+22
Nix,FALSE,48708,0,0,0,0,1,0,0,33,0,0,0,39x37x25,2.74,0,15/05/2005,2.40E+16,NA,Secondary,Pluto,NA,NA,NA,14.29693274,2573.447894,2.25E-09,1.26E-11,3.26E-04,1.34E+21
Hydra,FALSE,64749,0,0,0,0,1,0,0,33,0,0,0,39x37x25,2.74,0,15/05/2005,2.40E+16,NA,Secondary,Pluto,NA,NA,NA,10.75499236,1935.898624,2.25E-09,1.26E-11,4.33E-04,7.60E+20
Namaka,FALSE,39300,0,0,0,0,1,0,0,33,0,0,0,39x37x25,2.74,0,30/06/2005,2.40E+16,NA,Secondary,136108 Haumea,NA,NA,NA,17.71946565,3189.503817,2.25E-09,1.26E-11,2.63E-04,2.06E+21
Hiʻiaka,FALSE,49500,0,0,0,0,1,0,0,33,0,0,0,39x37x25,2.74,0,26/01/2005,2.40E+16,NA,Secondary,136108 Haumea,NA,NA,NA,14.06818182,2532.272727,2.25E-09,1.26E-11,3.31E-04,1.30E+21
Dysnomia,FALSE,30000,0,0,0,0,1,0,0,33,0,0,0,39x37x25,2.74,0,??/09/2005,2.40E+16,NA,Secondary,136199 Eris,NA,NA,NA,23.2125,4178.25,2.25E-09,1.26E-11,2.01E-04,3.54E+21
Dia,FALSE,12555000,0,0,0.211,28.23,1,0,0,2,0,0,0,NA,287,0,27/12/2000,9E+13,NA,Secondary,Jupiter,NA,NA,NA,0.055463481,9.983426523,8.25E-12,4.74E-14,0.083924991,7.58313E+13
S/2004 S 3,FALSE,141000,0,0,0.02,0,1,0,0,2,0,0,0,NA,0.62,0,21/06/2004,2.40E+16,NA,Secondary,Saturn,NA,NA,NA,4.938609929,888.9497872,8.25E-12,1.26E-11,9.43E-04,1.60E+20
S/2004 S 4,FALSE,140100,0,0,0,0,1,0,0,2,0,0,0,NA,0.61,0,9/9/04,2.40E+16,NA,Secondary,Saturn,NA,NA,NA,4.970335475,894.6603854,8.25E-12,1.26E-11,9.37E-04,1.62E+20
S/2004 S 6,FALSE,140000,0,0,0.002,0.02,1,0,0,2.5,0,0,0,NA,0.61,0,28/10/2004,2.40E+16,NA,Secondary,Saturn,NA,NA,NA,4.973889286,895.3000714,1.29E-11,1.26E-11,9.36E-04,1.63E+20
S/2010 J 1,FALSE,23314335,0,0,0.32,163.2,1,0,0,1,0,0,0,NA,723.2,0,7/9/10,2.40E+16,NA,Secondary,Jupiter,NA,NA,NA,0.02986759,5.376166208,2.06E-12,1.26E-11,0.155846704,5.86414E+15
S/2010 J 2,FALSE,20320000,0,0,0.307,150.4,1,0,0,0.5,0,0,0,NA,588.1,0,8/9/10,2.40E+16,NA,Secondary,Jupiter,NA,NA,NA,0.034268824,6.168388287,5.16E-13,1.26E-11,0.13583081,7.71975E+15
1 Ceres,TRUE,413690250,382620000,445410000,0.07582,10.593,2.161,0.28,510,476.2,487,455,0.9619,NA,1681.63,9.07,01/01/1801,9.39E+20,4210000000,Primary,NA,NA,0.09,8.44E-06,0.001684396,0.303191279,4.68E-07,4.94E-07,2.765348518,7.28709E+17
6 Hebe,FALSE,362959000,0,0,0,0,1,0,0,33,0,0,0,39x37x25,2.74,0,01/07/1847,2.40E+16,NA,Primary,NA,NA,NA,NA,0.001918605,0.345348924,2.25E-09,1.26E-11,2.426231057,2.41955E+13
47171 Lempo,FALSE,5884000000,0,0,0,0,1,0,0,33,0,0,0,39x37x25,2.74,0,1/10/99,2.40E+16,NA,Primary,NA,NA,NA,NA,1.18E-04,0.02130311,2.25E-09,1.26E-11,39.33211063,92067254479
The Little Prince,FALSE,1190,0,0,0,0,1,0,0,33,0,0,0,39x37x25,2.74,0,1/11/99,2.40E+16,NA,Secondary,45 Eugenia,NA,NA,NA,585.1890756,105334.0336,2.25E-09,1.26E-11,7.95E-06,2.25E+24
762 Pulcova,FALSE,472579673,0,0,0,0,1,0,0,33,0,0,0,39x37x25,2.74,0,3/9/13,2.40E+16,NA,Primary,NA,NA,NA,NA,0.001473561,0.265240989,2.25E-09,1.26E-11,3.158999996,1.42725E+13
4179 Toutatis,FALSE,377326000,0,0,0,0,1,0,0,33,0,0,0,39x37x25,2.74,0,4/1/89,2.40E+16,NA,Primary,NA,NA,NA,NA,0.001845553,0.332199477,2.25E-09,1.26E-11,2.52226852,2.23881E+13
50000 Quaoar,FALSE,6489054000,0,0,0,0,1,0,0,33,0,0,0,39x37x25,2.74,0,4/6/02,2.40E+16,NA,Primary,NA,NA,NA,NA,1.07E-04,0.01931676,2.25E-09,1.26E-11,43.3766468,75698581941
2867 Šteins,FALSE,353495000,0,0,0,0,1,0,0,33,0,0,0,39x37x25,2.74,0,4/11/69,2.40E+16,NA,Primary,NA,NA,NA,NA,0.001969971,0.354594832,2.25E-09,1.26E-11,2.362968125,2.55084E+13
136199 Eris,TRUE,10180122852,2147483647,2147483647,0.44068,44.0445,2.52,0.82,1380,1163,0,0,0,NA,203830,25.92,5/1/05,1.66E+22,6590000000,Primary,NA,NA,0.96,3.03E-05,6.85E-05,0.012332945,2.79E-06,8.74E-06,68.04991812,2.12736E+16
5 Astraea,FALSE,384877000,0,0,0,0,1,0,0,33,0,0,0,39x37x25,2.74,0,08/12/1845,2.40E+16,NA,Primary,NA,NA,NA,NA,0.001809344,0.325681971,2.25E-09,1.26E-11,2.572743838,2.15182E+13
5145 Pholus,FALSE,3055227000,0,0,0,0,1,0,0,33,0,0,0,39x37x25,2.74,0,9/1/92,2.40E+16,NA,Primary,NA,NA,NA,NA,2.28E-04,0.04102723,2.25E-09,1.26E-11,20.42293106,3.41479E+11
4769 Castalia,FALSE,159053000,0,0,0,0,1,0,0,33,0,0,0,39x37x25,2.74,0,9/8/89,2.40E+16,NA,Primary,NA,NA,NA,NA,0.004378258,0.788086361,2.25E-09,1.26E-11,1.063203636,1.25999E+14
Remus,FALSE,706,0,0,0,0,1,0,0,33,0,0,0,39x37x25,2.74,0,9/8/05,2.40E+16,NA,Secondary,87 Sylvia,NA,NA,NA,986.3668555,177546.034,2.25E-09,1.26E-11,4.72E-06,6.40E+24
624 Hektor,FALSE,781183000,0,0,0,0,1,0,0,33,0,0,0,39x37x25,2.74,0,10/2/07,2.40E+16,NA,Primary,NA,NA,NA,NA,8.91E-04,0.160458561,2.25E-09,1.26E-11,5.221885822,5.2233E+12
216 Kleopatra,FALSE,417796000,0,0,0,0,1,0,0,33,0,0,0,39x37x25,2.74,0,10/04/1880,2.40E+16,NA,Primary,NA,NA,NA,NA,0.001666782,0.300020824,2.25E-09,1.26E-11,2.792793761,1.82609E+13
3753 Cruithne,FALSE,149260000,0,0,0,0,1,0,0,33,0,0,0,39x37x25,2.74,0,10/10/86,2.40E+16,NA,Primary,NA,NA,NA,NA,0.004665517,0.839792979,2.25E-09,1.26E-11,0.997741474,1.43075E+14
3 Junon,FALSE,399480000,0,0,0,0,1,0,0,33,0,0,0,39x37x25,2.74,0,12/01/1804,2.40E+16,NA,Primary,NA,NA,NA,NA,0.001743204,0.31377666,2.25E-09,1.26E-11,2.670358864,1.99738E+13
10 Hygiea,FALSE,469345000,0,0,0,0,1,0,0,33,0,0,0,39x37x25,2.74,0,12/04/1849,2.40E+16,NA,Primary,NA,NA,NA,NA,0.001483717,0.267069,2.25E-09,1.26E-11,3.137377543,1.44699E+13
21 Lutetia,FALSE,364277000,0,0,0,0,1,0,0,33,0,0,0,39x37x25,2.74,0,12/11/1852,2.40E+16,NA,Primary,NA,NA,NA,NA,0.001911663,0.344099408,2.25E-09,1.26E-11,2.435041343,2.40208E+13
253 Mathilde,FALSE,395900000,0,0,0,0,1,0,0,33,0,0,0,39x37x25,2.74,0,12/11/1885,2.40E+16,NA,Primary,NA,NA,NA,NA,0.001758967,0.316614044,2.25E-09,1.26E-11,2.646428042,2.03367E+13
Uranus,TRUE,2870658186,2147483647,2147483647,0.0457,0.772,1.27,8.87,21380,25362,25559,24973,0.02293,NA,30685.4,-17.24,13/03/1781,8.68E+25,6.83E+13,Primary,NA,0.3,0.488,0.296744357,2.51E-04,0.045253287,0.001326544,0.045684211,19.18916474,1.40E+21
7 Iris,FALSE,357019000,0,0,0,0,1,0,0,33,0,0,0,39x37x25,2.74,0,13/08/1847,2.40E+16,NA,Primary,NA,NA,NA,NA,0.001950526,0.35109476,2.25E-09,1.26E-11,2.38652461,2.50074E+13
433 Eros,FALSE,218155000,0,0,0,0,1,0,0,33,0,0,0,39x37x25,2.74,0,13/08/1898,2.40E+16,NA,Primary,NA,NA,NA,NA,0.003192111,0.57458,2.25E-09,1.26E-11,1.458276104,6.69761E+13
Vanth,FALSE,8980,0,0,0,0,1,0,0,33,0,0,0,39x37x25,2.74,0,13/11/2005,2.40E+16,NA,Secondary,90482 Orcus,NA,NA,NA,77.54732739,13958.51893,2.25E-09,1.26E-11,6.00E-05,3.95E+22
90377 Sedna,FALSE,75659770000,0,0,0,0,1,0,0,33,0,0,0,39x37x25,2.74,0,14/11/2003,2.40E+16,NA,Primary,NA,NA,NA,NA,9.20E-06,0.001656726,2.25E-09,1.26E-11,505.7543242,556827258.1
10199 Chariklo,FALSE,2380000000,0,0,0,0,1,0,0,33,0,0,0,39x37x25,2.74,0,15/02/1997,2.40E+16,NA,Primary,NA,NA,NA,NA,2.93E-04,0.052667017,2.25E-09,1.26E-11,15.90931735,5.62726E+11
87 Sylvia,FALSE,522135000,0,0,0,0,1,0,0,33,0,0,0,39x37x25,2.74,0,16/05/1866,2.40E+16,NA,Primary,NA,NA,NA,NA,0.001333707,0.240067224,2.25E-09,1.26E-11,3.490256897,1.16919E+13
(243) Ida I Dactyl,FALSE,108,0,0,0,0,1,0,0,33,0,0,0,39x37x25,2.74,0,17/02/1994,2.40E+16,NA,Secondary,243 Ida,NA,NA,NA,6447.916667,1160625,2.25E-09,1.26E-11,7.22E-07,2.73E+26
90482 Orcus,FALSE,5862440000,0,0,0,0,1,0,0,33,0,0,0,39x37x25,2.74,0,17/02/2004,2.40E+16,NA,Primary,NA,NA,NA,NA,1.19E-04,0.021381456,2.25E-09,1.26E-11,39.18799093,92745681898
Pluto,TRUE,5906440628,2147483647,2147483647,0.2488,17.16,1.89,0.62,1210,1188.3,1188.3,1195,0,NA,90465,-153.2928,18/02/1930,1.30E+22,7150000000,Primary,NA,NA,0.575,3.10E-05,1.18E-04,0.02125738,2.91E-06,6.84E-06,39.48211696,4.94915E+16
5335 Damocles,FALSE,8368303000,0,0,0,0,1,0,0,33,0,0,0,39x37x25,2.74,0,18/02/1991,2.40E+16,NA,Primary,NA,NA,NA,NA,8.32E-05,0.014978843,2.25E-09,1.26E-11,55.93865047,45517219747
Romulus,FALSE,1356,0,0,0,0,1,0,0,33,0,0,0,39x37x25,2.74,0,18/02/2001,2.40E+16,NA,Secondary,87 Sylvia,NA,NA,NA,513.550885,92439.15929,2.25E-09,1.26E-11,9.06E-06,1.73E+24
Alexhelios,FALSE,775,0,0,0,0,1,0,0,33,0,0,0,39x37x25,2.74,0,18/09/2008,2.40E+16,NA,Secondary,216 Kleopatra,NA,NA,NA,898.5483871,161738.7097,2.25E-09,1.26E-11,5.18E-06,5.31E+24
Cleoselene,FALSE,380,0,0,0,0,1,0,0,33,0,0,0,39x37x25,2.74,0,18/09/2008,2.40E+16,NA,Secondary,216 Kleopatra,NA,NA,NA,1832.565789,329861.8421,2.25E-09,1.26E-11,2.54E-06,2.21E+25
8 Flora,FALSE,329313000,0,0,0,0,1,0,0,33,0,0,0,39x37x25,2.74,0,18/10/1847,2.40E+16,NA,Primary,NA,NA,NA,NA,0.00211463,0.380633318,2.25E-09,1.26E-11,2.201321439,2.93922E+13
2060 Chiron,FALSE,2042652000,0,0,0,0,1,0,0,33,0,0,0,39x37x25,2.74,0,18/10/1977,2.40E+16,NA,Primary,NA,NA,NA,NA,3.41E-04,0.061365078,2.25E-09,1.26E-11,13.65428525,7.63944E+11
5261 Eureka,FALSE,227908000,0,0,0,0,1,0,0,33,0,0,0,39x37x25,2.74,0,20/06/1990,2.40E+16,NA,Primary,NA,NA,NA,NA,0.003055509,0.549991663,2.25E-09,1.26E-11,1.523470882,6.13665E+13
588 Achilles,FALSE,776669000,0,0,0,0,1,0,0,33,0,0,0,39x37x25,2.74,0,22/02/1906,2.40E+16,NA,Primary,NA,NA,NA,NA,8.97E-04,0.161391146,2.25E-09,1.26E-11,5.191711596,5.28419E+12
Weywot,FALSE,10000,0,0,0,0,1,0,0,33,0,0,0,39x37x25,2.74,0,22/02/2007,2.40E+16,NA,Secondary,50000 Quaoar,NA,NA,NA,69.6375,12534.75,2.25E-09,1.26E-11,6.68E-05,3.19E+22
28978 Ixion,FALSE,5910896000,0,0,0,0,1,0,0,33,0,0,0,39x37x25,2.74,0,22/05/2001,2.40E+16,NA,Primary,NA,NA,NA,NA,1.18E-04,0.021206176,2.25E-09,1.26E-11,39.51189928,91231304353
Neptune,TRUE,4498396441,2147483647,2147483647,0.0113,1.769,1.638,11.15,23560,24622,24764,24341,0.01708,NA,60189,16.11,23/09/1846,1.02E+26,6.25E+13,Primary,NA,0.29,0.442,0.278582493,1.60E-04,0.02884884,0.001250263,0.053684211,30.06992292,6.69E+20
Shoemaker-Levy 9,FALSE,0,0,0,0,0,1,0,0,33,0,0,0,39x37x25,2.74,0,24/03/1993,2.40E+16,NA,Primary,NA,NA,NA,NA,Inf,Inf,2.25E-09,1.26E-11,0,Inf
9 Metis,FALSE,357052000,0,0,0,0,1,0,0,33,0,0,0,39x37x25,2.74,0,25/04/1848,2.40E+16,NA,Primary,NA,NA,NA,NA,0.001950346,0.35106231,2.25E-09,1.26E-11,2.386745201,2.50027E+13
136108 Haumea,TRUE,6432011461,2147483647,2147483647,0.19126,28.19,2.6,0.401,809,33,0,498,0.6102,1960 x 1518 x 996,103774,3.92,28/12/2004,4.01E+21,2400000000,Primary,NA,NA,0.66,9.08E-06,1.08E-04,0.019488072,2.25E-09,2.11E-06,42.99534098,1.28733E+16
7066 Nessus,FALSE,3689000000,0,0,0,0,1,0,0,33,0,0,0,39x37x25,2.74,0,26/04/1993,2.40E+16,NA,Primary,NA,NA,NA,NA,1.89E-04,0.033978721,2.25E-09,1.26E-11,24.65944189,2.34225E+11
25143 Itokawa,FALSE,198049628,0,0,0,0,1,0,0,33,0,0,0,39x37x25,2.74,0,26/09/1998,2.40E+16,NA,Primary,NA,NA,NA,NA,0.003516164,0.632909545,2.25E-09,1.26E-11,1.323879993,8.12648E+13
10370 Hylonome,FALSE,3779000000,0,0,0,0,1,0,0,33,0,0,0,39x37x25,2.74,0,27/02/1995,2.40E+16,NA,Primary,NA,NA,NA,NA,1.84E-04,0.033169489,2.25E-09,1.26E-11,25.26105474,2.23201E+11
45 Eugenia,FALSE,406934000,0,0,0,0,1,0,0,33,0,0,0,39x37x25,2.74,0,27/06/1857,2.40E+16,NA,Primary,NA,NA,NA,NA,0.001711273,0.308029066,2.25E-09,1.26E-11,2.720185776,1.92488E+13
(308933) 2006 SQ372,FALSE,1.52E+11,0,0,0,0,1,0,0,33,0,0,0,39x37x25,2.74,0,27/09/2006,2.40E+16,NA,Primary,NA,NA,NA,NA,4.58E-06,8.25E-04,2.25E-09,1.26E-11,1016.057243,137963227.1
2 Pallas,FALSE,414717000,0,0,0,0,1,0,0,33,0,0,0,39x37x25,2.74,0,28/03/1802,2.40E+16,NA,Primary,NA,NA,NA,NA,0.001679157,0.30224828,2.25E-09,1.26E-11,2.772211918,1.8533E+13
8405 Asbolus,FALSE,2694000000,0,0,0,0,1,0,0,33,0,0,0,39x37x25,2.74,0,28/03/1995,2.40E+16,NA,Primary,NA,NA,NA,NA,2.58E-04,0.046528396,2.25E-09,1.26E-11,18.00827771,4.39193E+11
20000 Varuna,FALSE,6451398000,0,0,0,0,1,0,0,33,0,0,0,39x37x25,2.74,0,28/11/2000,2.40E+16,NA,Primary,NA,NA,NA,NA,1.08E-04,0.01942951,2.25E-09,1.26E-11,43.12493199,76584847158
4 Vesta,FALSE,353343000,0,0,0,0,1,0,0,33,0,0,0,39x37x25,2.74,0,29/03/1807,2.40E+16,NA,Primary,NA,NA,NA,NA,0.001970819,0.35474737,2.25E-09,1.26E-11,2.361952068,2.55304E+13
243 Ida,FALSE,428000000,0,0,0,0,1,0,0,33,0,0,0,39x37x25,2.74,0,29/09/1884,2.40E+16,NA,Primary,NA,NA,NA,NA,0.001627044,0.292867991,2.25E-09,1.26E-11,2.861003288,1.74006E+13
Comet Hyakutake,FALSE,0,0,0,0,0,1,0,0,33,0,0,0,39x37x25,2.74,0,30/01/1996,2.40E+16,NA,Primary,NA,NA,NA,NA,Inf,Inf,2.25E-09,1.26E-11,0,Inf
951 Gaspra,FALSE,330513000,0,0,0,0,1,0,0,33,0,0,0,39x37x25,2.74,0,30/07/1916,2.40E+16,NA,Primary,NA,NA,NA,NA,0.002106952,0.379251346,2.25E-09,1.26E-11,2.209342944,2.91792E+13
15760 Albion,FALSE,6547379000,0,0,0,0,1,0,0,33,0,0,0,39x37x25,2.74,0,30/08/1992,2.40E+16,NA,Primary,NA,NA,NA,NA,1.06E-04,0.019144684,2.25E-09,1.26E-11,43.76652535,74355921151
136472 Makemake,TRUE,6783345606,2147483647,2147483647,0.15586,29.00685,1.4,0.5,800,725,745,715,0.05,NA,112897,0,31/03/2005,4.40E+21,1700000000,Primary,NA,NA,0.81,9.66E-06,1.03E-04,0.018497076,1.08E-06,2.32E-06,45.34386468,1.27E+16
Halley's Comet,FALSE,2677801885,0,0,0,0,1,0,0,33,0,0,0,39x37x25,2.74,0,NA,2.40E+16,NA,Primary,NA,NA,NA,NA,2.60E-04,0.046809848,2.25E-09,1.26E-11,17.9,4.44522E+11
Jupiter,TRUE,778340821,740379835,816620000,0.0489,1.304,1.3262,24.79,60200,69911,71492,66854,0.06487,NA,4332.589,9.925,NA,1.90E+27,1.43E+15,Primary,NA,0.503,0.538,12.47351822,9.84E-04,0.177204557,0.010079659,1,5.202887029,4.17E+23
Mars,TRUE,227943824,206700000,249200000,0.0935,1.85,3.9341,3.71,5030,3389.5,3396.19,3376.2,0.00589,NA,686.98,24.6229,NA,6.42E+23,1.63E+11,Primary,NA,0.25,0.17,0.00778452,0.003069754,0.552555747,2.37E-05,3.38E-04,1.523710351,1.64E+21
Mercury,TRUE,57909227,46001200,69816900,0.2056,7,5.4291,3.7,4250,2439.4,2440.53,2439.7,0,NA,87.969,1407.6,NA,3.30E+23,60830000000,Primary,NA,0.088,0.142,0.007938622,0.01206684,2.172031272,1.23E-05,1.74E-04,0.387099273,1.31E+22
Saturn,TRUE,1426666422,1349823615,1503509229,0.0565,2.485,0.6871,10.44,36090,58232,60268,54364,0.09796,NA,10759.22,10.656,NA,5.68E+26,8.27E+14,Primary,NA,0.342,0.499,2.752346054,5.29E-04,0.095203278,0.006993237,0.298947368,9.536675992,3.71E+22
Sun,FALSE,0,0,0,0,0,1.408,274,617000,696342,0,0,0,39x37x25,2.74,601,NA,1.99E+30,1.41E+18,Primary,NA,NA,NA,NA,Inf,Inf,1,1047.368421,0,Inf
Earth,TRUE,149598262,147095000,152100000,0.0167,23.5,5.5136,9.8,11190,6371.0084,6378.1366,6356.8,0.00335,NA,365.256,23.9345,NA,5.97E+24,1.08E+12,Primary,NA,0.306,0.367,0.089354529,0.004697334,0.845520127,8.37E-05,0.003142105,1.000002616,3.54E+22
Venus,TRUE,108208475,107477000,108939000,0.0067,3.39,5.243,8.87,10360,6051.8,6051.8,6051.8,0,NA,224.701,-5832.5,NA,4.87E+24,9.28E+11,Primary,NA,0.76,0.689,0.085703445,0.006491116,1.168400941,7.55E-05,0.002563158,0.723328979,5.52E+22
Kerberos,FALSE,59000,0,0,0,0,1,0,0,33,0,0,0,39x37x25,2.74,0,20/07/2011,2.40E+16,NA,Secondary,Pluto,NA,NA,NA,11.8029661,2124.533898,2.25E-09,1.26E-11,3.94E-04,9.16E+20
S/2011 J 1,FALSE,20155290,0,0,0.296,162.8,1,0,0,0.5,0,0,0,NA,580.7,0,29/01/2012,2.40E+16,NA,Secondary,Jupiter,NA,NA,NA,0.03454887,6.218796653,5.16E-13,1.26E-11,0.134729792,7.84644E+15
S/2011 J 2,FALSE,23329710,0,0,0.332,148.8,1,0,0,0.5,0,0,0,NA,726.8,0,29/01/2012,2.40E+16,NA,Secondary,Jupiter,NA,NA,NA,0.029847885,5.372619291,5.16E-13,1.26E-11,0.155949479,5.85641E+15
Styx,FALSE,45000,0,0,0,0,1,0,0,33,0,0,0,39x37x25,2.74,0,11/7/12,2.40E+16,NA,Secondary,Pluto,NA,NA,NA,15.475,2785.5,2.25E-09,1.26E-11,3.01E-04,1.57E+21
Hippocamp,FALSE,105200,0,0,0,0,1,0,0,17,0,0,0,NA,0.95,0,1/7/13,3.00E+16,NA,Secondary,Neptune,NA,NA,NA,6.619382129,1191.488783,5.96E-10,1.58E-11,7.03E-04,3.60E+20
S/2015 (136472) 1,FALSE,21100,0,0,0,0,1,0,0,33,0,0,0,39x37x25,2.74,0,26/04/2016,2.40E+16,NA,Secondary,136472 Makemake,NA,NA,NA,33.0035545,5940.63981,2.25E-09,1.26E-11,1.41E-04,7.16E+21
S/2017 J 1,FALSE,23587000,0,0,0.397,149.2,1,0,0,2,0,0,0,NA,734.2,0,6/6/17,2.40E+16,NA,Secondary,Jupiter,NA,NA,NA,0.029522364,5.314025523,8.25E-12,1.26E-11,0.157669356,5.72935E+15
S/2016 J 1,FALSE,20651000,0,0,0.141,139.8,1,0,0,0.5,0,0,0,NA,602.7,0,6/6/17,2.40E+16,NA,Secondary,Jupiter,NA,NA,NA,0.033719554,6.069519636,5.16E-13,1.26E-11,0.138043409,7.47426E+15
Valetudo,FALSE,18980000,0,0,0.222,34,1,0,0,0.5,0,0,0,NA,533,0,17/07/2018,2.40E+16,NA,Secondary,Jupiter,NA,NA,NA,0.036688224,6.6038804,5.16E-13,1.26E-11,0.126873464,8.84826E+15
S/2017 J 2,FALSE,23303000,0,0,0.236,166.4,1,0,0,1,0,0,0,NA,723,0,17/07/2018,2.40E+16,NA,Secondary,Jupiter,NA,NA,NA,0.029882118,5.378781273,2.06E-12,1.26E-11,0.155770934,5.86985E+15
S/2017 J 3,FALSE,20694000,0,0,0.148,147.9,1,0,0,1,0,0,0,NA,606,0,17/07/2018,2.40E+16,NA,Secondary,Jupiter,NA,NA,NA,0.033649512,6.056912148,2.06E-12,1.26E-11,0.138330846,7.44323E+15
Pandia,FALSE,11525000,0,0,0.18,28.2,1,0,0,1.5,0,0,0,NA,252,0,17/07/2018,2.40E+16,NA,Secondary,Jupiter,NA,NA,NA,0.06042026,10.87564685,4.64E-12,1.26E-11,0.077039867,2.39976E+16
S/2017 J 5,FALSE,23232000,0,0,0.284,164.3,1,0,0,1,0,0,0,NA,719,0,17/07/2018,2.40E+16,NA,Secondary,Jupiter,NA,NA,NA,0.029973442,5.395219525,2.06E-12,1.26E-11,0.155296328,5.90578E+15
S/2017 J 6,FALSE,22455000,0,0,0.557,155.2,1,0,0,1,0,0,0,NA,683,0,17/07/2018,2.40E+16,NA,Secondary,Jupiter,NA,NA,NA,0.031010599,5.581907816,2.06E-12,1.26E-11,0.150102404,6.32156E+15
S/2017 J 7,FALSE,20627000,0,0,0.215,143.4,1,0,0,1,0,0,0,NA,603,0,17/07/2018,2.40E+16,NA,Secondary,Jupiter,NA,NA,NA,0.033758811,6.076586028,2.06E-12,1.26E-11,0.137882979,7.49167E+15
S/2017 J 8,FALSE,23233000,0,0,0.312,164.7,1,0,0,0.5,0,0,0,NA,720,0,17/07/2018,2.40E+16,NA,Secondary,Jupiter,NA,NA,NA,0.02997213,5.394983429,5.16E-13,1.26E-11,0.155303013,5.90527E+15
S/2017 J 9,FALSE,21487000,0,0,0.229,152.7,1,0,0,1.5,0,0,0,NA,639,0,17/07/2018,2.40E+16,NA,Secondary,Jupiter,NA,NA,NA,0.032407665,5.833379718,4.64E-12,1.26E-11,0.143631723,6.90397E+15
Ersa,FALSE,11483000,0,0,0.094,30.6,1,0,0,1.5,0,0,0,NA,252,0,17/07/2018,2.40E+16,NA,Secondary,Jupiter,NA,NA,NA,0.060641252,10.91542541,4.64E-12,1.26E-11,0.076759114,2.41735E+16
Ultima Thule,FALSE,6633400000,0,0,0,0,1,0,0,33,0,0,0,39x37x25,2.74,0,26/06/2014,2.40E+16,NA,Primary,NA,NA,NA,NA,1.05E-04,0.018896418,2.25E-09,1.26E-11,44.34154022,72439950948
101955 Bennu,FALSE,168400000,0,0,0,0,1,0,0,33,0,0,0,39x37x25,2.74,0,11/9/99,2.40E+16,NA,Primary,NA,NA,NA,NA,0.004135243,0.744343824,2.25E-09,1.26E-11,1.125684471,1.124E+14